Title,Description,URL
Internshala,"Internshala is India's no.1 internship jobs and training platform with 40000+ paid internships in Engineering, MBA, media, law, arts, and other streams.",https://internshala.com/
Internshala,We are a technology company on a mission to equip students with relevant skills & practical exposure through internships and online trainings. Imagine a world ...,https://in.linkedin.com/company/internshala
Internshala (@internshala) • Instagram photos and videos,Low on experience? Say hello to fresher jobs. · How Interns Built A Multi Million Dollar Startup! Watch the full podcast video on YouTube · Kya itna buraaa hoon ...,https://www.instagram.com/internshala/?hl=en
Internshala Internships & Jobs - Apps on Google Play,Finding and applying for internships and fresher jobs that you want is now even easier with Internshala's free app for students and freshers.,https://play.google.com/store/apps/details?id=com.internshala.app&hl=en_US&gl=US
Internshala,"Internshala is an internship and online training platform, based in Gurgaon, India. Founded by Sarvesh Agrawal, an IIT Madras alumnus, in 2011, ...",https://en.wikipedia.org/wiki/Internshala
Internshala,Popular Live Streams · Business Communication - Learn effective communication skills! | World Education Day Fair 2022 · Learn 3D Modelling with SOLIDWORKS! | ...,https://www.youtube.com/channel/UC97qxGRmPsyfV0Miz7AxU2A
My Experience With Hiring Interns from InternShala,Tips to all those who want to get hired: · Learn basic communication skills. Let me rephrase it properly: Learn to talk formally with peers. · Learn a skill.,https://punitmahajan.com/my-experience-with-hiring-interns-from-internshala/
Internshala - Crunchbase Company Profile & Funding,Internshala is a web-based platform that provides internship resources and career services to students and employers.,https://www.crunchbase.com/organization/internshala
Has anyone got paid on completing an internship through ...,"Jul 5, 2016 — Internshala is a platform where you can get the internships according to your interest.There are work from home opportunities as well so that ...",https://www.quora.com/Has-anyone-got-paid-on-completing-an-internship-through-Internshala
Internshala - USC Career Center,"Lists paid, virtual internships in engineering, media, law, and arts in India. View Internships · News | Events | Jobs and Internships | Experiential ...",https://careers.usc.edu/resources/internshala/
Internshala Plus,"Nov 1, 2019 — Internshala Plus extension allows you to - 1. See the Required Skills and # of internships right in the internship card. 2.",https://chrome.google.com/webstore/detail/internshala-plus/einngbgomhimnjgbdoejfdoccahlnajf
Read Customer Service Reviews of www.internshala.com,"Do you agree with Internshala's 4-star rating? Check out what 23 people have written so far, and share your own experience.",https://www.trustpilot.com/review/www.internshala.com
Internshala,We are a technology company on a mission to equip students with relevant skills & practical exposure through internships and online trainings.,https://twitter.com/Internshala
Internshala for Android - Download the APK from Uptodown,Download the APK of Internshala for Android for free. Find and apply for internships on your phone.,https://internshala.en.uptodown.com/android
Working at Internshala,"Nov 25, 2023 — Popular Careers with Internshala Job Seekers · Software Engineer Career · Software Developer Career · Java Developer Career · Web Developer ...","https://www.glassdoor.com/Overview/Working-at-Internshala-EI_IE901048.11,22.htm"
Internshala | Education | Gurugram,"Internshala, Gurugram. 455623 likes · 65 talking about this · 358 were here. We are a technology company on a mission to equip students with relevant...",https://www.facebook.com/Internshala/
Internshala Tech,Smart Replies in Internshala Chat. Internshala aims to find employers the right talent and communication is an integral part of any hiring ...,https://medium.com/internshala-tech
"Latest News & Videos, Photos about internshala",Internshala launches initiative to help women restart their careers ... Internshala has proposed internships as a solution for these women as internships are a ...,https://economictimes.indiatimes.com/topic/internshala
Working at Internshala: Employee Reviews,"It's an excellent place to start your career. You'll meet many talented folks who are always there to help. If you know your job, it would be easy for you ...",https://in.indeed.com/cmp/Internshala/reviews
How Internshala is providing internship opportunities to ...,"Jul 4, 2022 — Internshala focuses on assisting students in studying, training, and gaining on-the-job experience. Internshala was founded to provide practical ...",https://indianstartupnews.com/stories/how-internshala-is-providing-internship-opportunities-to-students/
"Latest News, Photos, Videos on Internshala","Find Internshala Latest News, Videos & Pictures on Internshala and see latest updates, news, information from NDTV.COM. Explore more on Internshala.",https://www.ndtv.com/topic/internshala
Internshala Careers - Internship Portal,"Find out if Internshala is the right fit for your future career! Explore jobs, salary, equity, and funding information. Read about work-life balance, perks, ...",https://wellfound.com/company/internshala-1
Internshala's journey from a blog to a profitable internship ...,"Jul 11, 2022 — In 2010, Internshala started as a blog. Today, it is one of India's leading internship portals, with services like skill training and a job ...",https://yourstory.com/2022/07/internshala-blog-profitable-intership-skilling-career-tech-startup
Internshala.com Reviews,"The course content is really Good, one who made the vidoe content, the instructor (Yariv) best guy. And for doubt clearing with email or on dashboard we will ...",https://www.mouthshut.com/websites/Internshala-com-reviews-925769318
"9 tips to get win an internship on Internshala, Let's Intern ...","Conclusion: Experience has the top priority, Mention it in every case with a link where we(startup/companies) can know more about you. Do not answer in short ...",https://www.stablx.com/blog/tips-to-win-an-internship-on-internshala/
Internshala Case Study: Why It is Our One-stop Platform for ...,Internshala has been successful in spurring the growth of the internship market in India by providing a single platform for students and companies to interact ...,https://ideausher.com/blog/internshala-case-study/
"Internshala: Look for Internship Anywhere, Anytime!","Apr 12, 2021 — About Internshala. Internshala was launched as a WordPress blog initially. The blog dealt with education, technology, and issues about gaps in ...",https://startuptalky.com/internshala-success-story/
"Internshala Company Profile: Valuation, Funding & Investors","Information on valuation, funding, cap tables, investors, and executives for Internshala. Use the PitchBook Platform to explore the full profile.",https://pitchbook.com/profiles/company/228247-03
61 Internshala Training & Courses Online 2023,Internshala Online Courses & · Showing 61 results. vendor · Digital Marketing Training · Learn Programming with Python · Core Java Certification. 71 reviews.,https://www.shiksha.com/online-courses/internshala-courses-certification-training-v521
Internshala Reviews by 167 Employees,"Internshala is rated 4.0 out of 5, based on 167 reviews by employees on AmbitionBox. Internshala is known for Work-Life balance which is rated at the top and ...",https://www.ambitionbox.com/reviews/internshala-reviews
"Internshala: Revenue, Competitors, Alternatives","Internshala top competitors are Coursera, Udemy and Verzeo and they have annual revenue of $526.5M and 5372 employees.",https://growjo.com/company/Internshala
INTERNsHALA,"Apr 27, 2017 — signed with Internshala as a partner to facilitate internships for students enrolled in AICTE approved academic institutions. Purpose. This MoU ...",https://www.aicte-india.org/downloads/MOU%20Internshala.pdf
Internshala Courses & Certifications 2023,Data Science Course with Guaranteed Internship is a 4-month online certificate programme offered by Internshala. The online course will walk you through all ...,https://www.careers360.com/courses-certifications/internshala-courses-list-org
Free Online Internship for Women with Certificate,"Glow & Lovely Careers has partnered with Internshala, which offers online internship opportunities for women in various fields such as sales, HR, ...",https://www.glowandlovelycareers.in/en/exciting-jobs/internships
Internshala Training Experience,"Nov 15, 2023 — Internshala is one of the job search platforms in India that offers more opportunities for students for their career development. They also ...",https://www.geeksforgeeks.org/internshala-training-experience/
Internshala launches Internship with Dream Companies,"Aug 9, 2022 — Internshala launches Internship with Dream Companies ... Participating brands include Titan, Bosch, Disney Star, Volvo, Nykaa Fashion, WWF India, ...",https://www.expresscomputer.in/news/internshala-launches-internship-with-dream-companies/89057/
internshala.com Competitors - Top Sites Like internshala.com,"internshala.com's top 5 competitors in October 2023 are: naukri.com, glassdoor.co.in, foundit.in, internships.com, and more.",https://www.similarweb.com/website/internshala.com/competitors/
Internshala Trainings preps students to be more than interns,"Jun 15, 2022 — Conceptualised by Internshala Trainings and K Silent Productions, the campaign aims to encourage college students to take up online training at ...",https://www.campaignindia.in/video/internshala-trainings-preps-students-to-be-more-than-interns/478615
